Country Name,Region,IncomeGroup,Year,Life Expectancy World Bank,Prevelance of Undernourishment,CO2,Health Expenditure %,Education Expenditure %,Unemployment,Corruption,Sanitation,Injuries,Communicable,NonCommunicable
Albania,Europe & Central Asia,Upper middle income,2005,75.228,8.9,4030.00021,6.33554173,3.281549931,15.97000027,3,41.87565502,94241.87,99241.18,568930.66
Armenia,Europe & Central Asia,Upper middle income,2005,72.626,12.3,4460.000038,5.86188269,2.712029934,10.20300007,2.5,46.65712453,92659.79,105444.38,793047.77
Azerbaijan,Europe & Central Asia,Upper middle income,2005,68.747,4.8,30040.00092,2.26107669,2.974620104,7.260000229,2.5,23.12100788,240229.35,826520.96,2003781.9
Central African Republic,Sub-Saharan Africa,Low income,2005,44.744,39.6,219.9999988,4.36732149,1.652220011,5.695000172,2.5,19.09000526,310132.64,3766393.86,805165.65
Djibouti,Middle East & North Africa,Lower middle income,2005,57.991,31.3,430.0000072,3.22467232,8.365889549,27.71999931,2.5,25.70526919,28409.67,310769.59,115615.6
Georgia,Europe & Central Asia,Upper middle income,2005,70.538,4.1,4239.999771,8.07734108,2.484319925,13.81000042,3.5,44.42891811,140712.61,163212.97,1404204.32
Ghana,Sub-Saharan Africa,Lower middle income,2005,58.719,11.2,7039.999962,3.64265633,7.42208004,5.618999958,3.5,6.278186159,689437.77,8669563.55,3585007.12
India,South Asia,Lower middle income,2005,64.5,21.6,1136469.971,3.79116249,3.188750029,5.612999916,3.5,15.3211176,53131679.51,245719584.3,202654074.7
Lesotho,Sub-Saharan Africa,Lower middle income,2005,42.658,13.7,430.0000072,5.44926691,12.07966042,31.30999947,3.5,18.12954316,150238.58,1587788.28,397447.7
Madagascar,Sub-Saharan Africa,Low income,2005,61.212,33.4,1710.000038,5.20261955,3.309639931,2.619999886,3.5,5.267388146,501460.34,7259330.43,2955506.1
Mali,Sub-Saharan Africa,Low income,2005,52.057,13.3,1649.999976,5.19515705,3.52218008,9.68900013,3.5,9.398892124,559210.25,10106599.71,2255837.98
Nepal,South Asia,Lower middle income,2005,65.264,16.8,3190.000057,3.94221067,3.364639997,1.457999945,2.5,17.84196037,915172.53,5289678.77,4161870.95
Senegal,Sub-Saharan Africa,Lower middle income,2005,60.62,18.1,5670.000076,3.67466164,4.064430237,8.895999908,3,15.68024181,322491.07,4130506.23,1764214.15
Sierra Leone,Sub-Saharan Africa,Low income,2005,44.502,46.7,449.9999881,11.03772926,2.796979904,3.546999931,2.5,10.06994828,253447.1,4215134.36,1081435.51
Sao Tome and Principe,Sub-Saharan Africa,Lower middle income,2005,64.659,9,79.99999821,11.51630402,4.856450081,16.46999931,3.5,18.07229649,3303.5,35858.7,24876.27
Chad,Sub-Saharan Africa,Low income,2005,48.549,37.8,479.9999893,4.84111404,1.694769979,0.871999979,2,8.712721622,461705.69,8179869,1633792.09
Togo,Sub-Saharan Africa,Low income,2005,54.602,27.7,1750,3.30243444,3.159780025,4.217999935,2,6.445433433,237367.78,2931127.4,838432.01
Tanzania,Sub-Saharan Africa,Lower middle income,2005,54.349,28.4,5659.999847,6.32282591,3.546250105,3.226000071,3.5,10.88696901,1180760.48,21557410.37,6227868.62
Albania,Europe & Central Asia,Upper middle income,2006,75.423,8.8,4010.000229,6.00927734,3.191459894,15.63000011,2.5,42.39121173,89182.27,90917.84,557300.83
Armenia,Europe & Central Asia,Upper middle income,2006,72.716,9.3,4489.999771,5.85007095,2.715770006,9.996999741,3.5,48.09726053,93356.64,104959.6,802931.28
Azerbaijan,Europe & Central Asia,Upper middle income,2006,69.259,2.8,30489.99977,2.06678391,2.555520058,6.619999886,2.5,23.68295256,235261.82,797478.5,2025824.48
Bangladesh,South Asia,Lower middle income,2006,68.213,13.8,35900.00153,2.48439622,2.131289959,3.589999914,2.5,24.14787637,4365189.5,22969983.93,22933766.58
Central African Republic,Sub-Saharan Africa,Low income,2006,45.158,37.7,230.0000042,4.44105434,1.415060043,5.65899992,2.5,18.69190459,341076.46,3740319.7,827671.85
Djibouti,Middle East & North Africa,Lower middle income,2006,58.34,27.3,430.0000072,3.48426819,8.278779984,27.5739994,2.5,26.52365326,36199.47,310926.56,119405.57
Ethiopia,Sub-Saharan Africa,Low income,2006,57.334,35.6,5400.000095,4.45757294,5.490960121,2.470000029,2.5,3.588700651,3121041.71,39064031.86,11025848.3
Georgia,Europe & Central Asia,Upper middle income,2006,70.635,4,4699.999809,7.63208055,3.00364995,13.56999969,3.5,43.71899995,141156.11,151701.12,1374178.72
Ghana,Sub-Saharan Africa,Lower middle income,2006,59.234,10.6,8510.000229,3.68296194,5.259829998,4.639999866,4,6.747471971,709612.71,8693272.74,3679326.51
India,South Asia,Lower middle income,2006,64.918,19.6,1215209.961,3.63477802,3.142849922,5.600999832,3.5,17.27038835,53697866.83,239547398.8,208840060.1
Lesotho,Sub-Saharan Africa,Lower middle income,2006,42.595,12.8,430.0000072,6.11966419,11.27128029,30.46199989,3.5,20.27141358,152329.04,1552646.71,400777.15
Madagascar,Sub-Saharan Africa,Low income,2006,61.65,31,1639.999986,5.07627583,2.830970049,2.938999891,3.5,5.627827693,495679.31,7230205.02,2996523.06
Nepal,South Asia,Lower middle income,2006,65.773,15.9,2619.999886,3.5361805,3.605360031,1.393000007,3,19.56614071,866979.25,5030978.7,4266131.01
Senegal,Sub-Saharan Africa,Lower middle income,2006,61.365,16.5,5570.000172,3.76337719,3.8213799,10.02999973,3,16.02363923,326343.55,4042473.64,1771215.51
Sao Tome and Principe,Sub-Saharan Africa,Lower middle income,2006,65.27,9,79.99999821,8.27670765,4.271180153,16.64999962,3.5,19.14245417,3832.71,31177.03,26649.59
Togo,Sub-Saharan Africa,Low income,2006,55.052,27.2,1570.000052,3.44604039,3.435009956,4.230000019,2,6.625022051,205678.3,2927679.32,858423.74
Tanzania,Sub-Saharan Africa,Lower middle income,2006,55.119,25.9,6050.000191,7.59827995,3.009919882,3.299999952,3.5,12.14439713,1236697.2,20873666.83,6456703.85
Armenia,Europe & Central Asia,Upper middle income,2007,72.815,6.9,5199.999809,5.49814558,3.018939972,9.81000042,3.5,49.52207905,92994.89,98901.2,796328.81
Azerbaijan,Europe & Central Asia,Upper middle income,2007,69.752,2.5,27629.99916,1.99021435,2.549279928,6.329999924,2.5,24.18673445,236193.72,761497.67,2039977.68
Bangladesh,South Asia,Lower middle income,2007,68.648,13.9,37990.00168,2.55897784,2.202219963,4.126999855,3,25.22124717,4686057.82,21540422.9,23370455.66
Central African Republic,Sub-Saharan Africa,Low income,2007,45.636,35.7,239.9999946,4.7185154,1.313320041,5.605999947,2.5,18.29993339,349759.6,3726123.03,843435.05
Djibouti,Middle East & North Africa,Lower middle income,2007,58.719,25.1,469.9999988,3.41498637,8.40625,27.44400024,2.5,27.33966721,30021.41,308370.02,124591.38
Ethiopia,Sub-Saharan Africa,Low income,2007,58.467,35,5960.000038,5.00128365,5.451129913,2.434999943,2.5,3.818593969,3082036.09,36988493.05,11102211.98
Georgia,Europe & Central Asia,Upper middle income,2007,70.765,4,5630.000114,7.4351778,2.696870089,13.27999973,3,43.0068027,141254.59,145433.15,1340657.21
Ghana,Sub-Saharan Africa,Lower middle income,2007,59.741,9.4,9119.999886,3.81368589,5.519869804,4.842999935,4,7.218545628,730461.34,8672212.31,3776452.79
Madagascar,Sub-Saharan Africa,Low income,2007,62.079,30.5,1720.000029,4.49428749,2.902740002,3.260999918,3.5,5.985452403,507386.21,7184699.43,3051358.23
Mongolia,East Asia & Pacific,Lower middle income,2007,65.985,25.2,13020.00046,4.07522488,4.690130234,7.199999809,3,38.53683494,173040.83,236644,647016.4
Nepal,South Asia,Lower middle income,2007,66.26,14.9,2690.000057,3.66484332,3.517210007,1.33099997,3,21.33067004,837697.92,4816573.83,4364858.77
Sierra Leone,Sub-Saharan Africa,Low income,2007,46.52,41.7,500,10.03516197,2.558510065,3.788000107,2.5,10.59521368,272984.03,4128718.05,1126324.99
Sao Tome and Principe,Sub-Saharan Africa,Lower middle income,2007,65.854,9.8,79.99999821,8.1677618,6.286829948,16.23399925,3.5,20.22075438,4698.14,28289.04,27384.36
Togo,Sub-Saharan Africa,Low income,2007,55.581,26.2,1500,3.86664653,3.510629892,3.802999973,2,6.806524365,214250.79,2938443.97,880980.18
Tanzania,Sub-Saharan Africa,Lower middle income,2007,55.926,25.7,5909.999847,6.8842783,4.033420086,3.029999971,3.5,13.40593143,1258273.87,19961897.5,6654043.83
Armenia,Europe & Central Asia,Upper middle income,2008,72.946,5.6,5690.000057,6.6397624,3.172729969,14.39299965,3,50.96552269,91654.04,97242.98,803568.89
Azerbaijan,Europe & Central Asia,Upper middle income,2008,70.201,2.5,30450.00076,1.93880892,2.44092989,5.860000134,2.5,24.39743142,237996.51,740106.62,2083159.54
Bangladesh,South Asia,Lower middle income,2008,69.072,13.6,41580.00183,2.48848343,2.05456996,4.566999912,3,26.29209359,4219100.61,20461453.34,23566513.58
Central African Republic,Sub-Saharan Africa,Low income,2008,46.161,33.3,170.0000018,4.08699083,1.290009975,5.46999979,2.5,17.91349252,341555.83,3686621.06,856832.82
Ethiopia,Sub-Saharan Africa,Low income,2008,59.581,33.5,6489.999771,4.28063917,5.408199787,2.405999899,2.5,4.063969302,3020285.75,35060164.26,11164764.8
Georgia,Europe & Central Asia,Upper middle income,2008,70.946,3.6,4840.000153,8.44467163,2.919549942,17.87000084,3,42.29247153,182084.82,142683.38,1338675.08
Ghana,Sub-Saharan Africa,Lower middle income,2008,60.216,8.2,8659.999847,3.89917445,5.757959843,4.992000103,4,7.69099721,722477.84,8607128.97,3835660.3
Lesotho,Sub-Saharan Africa,Lower middle income,2008,43.384,12.3,460.0000083,7.70154142,12.32952023,28.76000023,3.5,24.46811831,158249.14,1360606.55,409964.07
Madagascar,Sub-Saharan Africa,Low income,2008,62.509,30.4,1779.999971,4.10616875,2.554339886,3.582000017,3.5,6.340402513,524290.78,7115964.64,3151125.83
Mali,Sub-Saharan Africa,Low income,2008,54.193,9.4,2079.999924,5.04372358,3.403559923,10.49400043,3.5,11.46107647,608940.37,10183254.81,2476700.94
Nepal,South Asia,Lower middle income,2008,66.727,13,2990.00001,3.80911303,3.805170059,1.330000043,3,23.1351786,840658.08,4585507.04,4465785.69
Senegal,Sub-Saharan Africa,Lower middle income,2008,62.88,11.9,6440.000057,3.50687575,4.025680065,10.13300037,3,16.7035364,321085.94,3768005.67,1841615.71
Sierra Leone,Sub-Saharan Africa,Low income,2008,47.508,40.3,519.9999809,9.87387085,2.413170099,3.91899991,2.5,10.85889068,257011.4,4095875.88,1126564.54
Sao Tome and Principe,Sub-Saharan Africa,Lower middle income,2008,66.412,11.1,90.00000358,7.11202765,5.554490089,15.63099957,3.5,21.30656861,4948.35,27718.05,27121.43
Togo,Sub-Saharan Africa,Low income,2008,56.178,25.5,1570.000052,3.84063792,3.285300016,3.335000038,2,6.989899173,218187.25,2915004.77,914401.38
Tanzania,Sub-Saharan Africa,Lower middle income,2008,56.777,25.9,6079.999924,5.55704832,4.185910225,2.769000053,3,14.67210672,1264044.59,19265916.12,6776601.32
Samoa,East Asia & Pacific,Lower middle income,2008,71.158,4,170.0000018,4.65748072,5.144209862,5.580999851,4,48.33979685,5995.53,8678.45,38213.38
Armenia,Europe & Central Asia,Upper middle income,2009,73.118,4.4,4510.000229,8.44377995,3.840790033,18.44000053,3,52.42774152,90683.22,94419.59,800241.45
Azerbaijan,Europe & Central Asia,Upper middle income,2009,70.597,2.5,25500,2.6137836,3.224309921,5.739999771,2.5,24.50816483,237392.31,718762.42,2118300.33
Bangladesh,South Asia,Lower middle income,2009,69.485,14.8,44750,2.56097794,1.939419985,5,3,27.35956418,4132735.05,19197079.73,23932837.15
Central African Republic,Sub-Saharan Africa,Low income,2009,46.719,31.9,170.0000018,4.81901073,1.254580021,5.486999989,2.5,17.53225618,362707.02,3649902.63,879031.95
Ethiopia,Sub-Saharan Africa,Low income,2009,60.645,28.5,6530.00021,4.64983416,4.422070026,2.380000114,2.5,4.305104889,3047373.39,33446873.58,11190496.84
Georgia,Europe & Central Asia,Upper middle income,2009,71.18,5,5619.999886,9.56681633,3.222379923,20.70999908,3,41.57598549,151567.36,138845.93,1347172.87
Ghana,Sub-Saharan Africa,Lower middle income,2009,60.645,6.6,10010.00023,4.42220068,5.317440033,5.217000008,4,8.164356208,731211.02,8504992.66,3925633.79
India,South Asia,Lower middle income,2009,66.244,16.3,1564880.005,3.48537874,3.278249979,5.544000149,3.5,23.3386407,54420117.23,217642490.3,222096113.7
Madagascar,Sub-Saharan Africa,Low income,2009,62.944,29.7,1690.000057,4.41676188,2.825129986,3.974999905,2.5,6.692416517,539464.12,7098257.26,3234177.99
Mali,Sub-Saharan Africa,Low income,2009,54.756,7.4,2509.99999,5.22657919,3.869040012,9.286999702,3.5,12.15677504,631624.62,10192848.16,2562387.48
Mongolia,East Asia & Pacific,Lower middle income,2009,66.916,19.6,13640.00034,4.45979881,5.144849777,5.860000134,3,40.50110307,173488.53,231302.13,675940.46
Nepal,South Asia,Lower middle income,2009,67.178,11.2,3880.000114,3.89314747,4.663760185,1.550999999,3,24.97934304,841919.02,4368416.56,4572360.62
Senegal,Sub-Saharan Africa,Lower middle income,2009,63.607,11,6670.000076,3.84157085,4.920730114,10.21100044,3,17.03991637,326440.72,3653873.89,1894866.64
Sierra Leone,Sub-Saharan Africa,Low income,2009,48.468,34.9,519.9999809,11.09847832,2.778140068,4.048999786,3,11.12304167,273162.17,4016372.81,1142794.92
Sao Tome and Principe,Sub-Saharan Africa,Lower middle income,2009,66.938,12.1,90.00000358,7.19514179,10.67790031,15.19900036,3.5,22.39898353,3792.05,25773.81,27489.54
Chad,Sub-Saharan Africa,Low income,2009,50.346,35.7,790.0000215,4.44166517,2.311739922,0.958999991,2,8.834288152,498366.08,8264334,1852401.46
Togo,Sub-Saharan Africa,Low income,2009,56.818,23,2819.999933,4.07617235,3.867880106,2.882999897,2,7.174695269,227044.31,2848275.56,947402.74
Tanzania,Sub-Saharan Africa,Lower middle income,2009,57.666,26.7,5929.999828,5.0630641,3.960760117,2.5,3,15.81176345,1314777.36,18661267.73,6984309.68
Armenia,Europe & Central Asia,Upper middle income,2010,73.331,3.7,4340.000153,9.23539066,3.249000072,19.01000023,3,53.90871358,89368.82,91218.33,796897.9
Azerbaijan,Europe & Central Asia,Upper middle income,2010,70.938,2.5,24309.99947,2.48996663,2.780620098,5.630000114,2.5,24.60805925,241384.76,704355.35,2151954.91
Bolivia,Latin America & Caribbean,Lower middle income,2010,68.007,20.4,15170.00008,5.20230532,7.809999943,2.614000082,3.5,38.6975507,394579.2,1235114.31,1877780.69
Central African Republic,Sub-Saharan Africa,Low income,2010,47.312,30.3,170.0000018,3.8270402,1.117609978,5.665999889,2.5,17.15613616,376495.66,3632631.56,908155.73
Djibouti,Middle East & North Africa,Lower middle income,2010,60.062,22.4,519.9999809,3.06150365,4.49022007,27.05800056,2.5,29.77494809,32076.62,307613.45,138892.23
Ethiopia,Sub-Saharan Africa,Low income,2010,61.627,24.7,6469.99979,5.46637249,4.496590137,2.338999987,2.5,4.5424233,2922804.32,31853490.97,11192274.62
Georgia,Europe & Central Asia,Upper middle income,2010,71.46,6.7,5320.000172,9.07341194,2.803649902,20.20000076,3.5,40.85714085,149699.88,131901.06,1339635.97
Ghana,Sub-Saharan Africa,Lower middle income,2010,61.03,6.1,11189.99958,4.25117254,5.540599823,5.380000114,4,8.638307608,741245.03,8350244.97,4016839.41
Guyana,Latin America & Caribbean,Upper middle income,2010,68.059,8.7,1759.99999,4.21897697,2.409389973,11.79800034,2.5,,48720.51,72800.95,181095.86
Honduras,Latin America & Caribbean,Lower middle income,2010,73.317,15.8,8180.000305,8.72536373,6.800000191,4.119999886,3,45.71609364,403953.05,505166.42,1338914.59
India,South Asia,Lower middle income,2010,66.693,15.9,1659979.98,3.27211905,3.377690077,5.546000004,3.5,25.37938816,55078934.61,210484107.4,226910608.8
Iceland,Europe & Central Asia,High income,2010,81.89756098,2.5,1960.000038,8.36173058,6.944240093,7.559999943,,62.6839614,6325.92,3224.28,60654.82
Israel,Middle East & North Africa,High income,2010,81.60243902,2.5,70519.99664,7.01663876,5.5198102,8.479999542,,87.39807077,148791.93,96647.11,1327440.18
Italy,Europe & Central Asia,High income,2010,82.03658537,2.5,405269.989,8.91602039,4.334119797,8.359999657,,95.69591975,1158817.56,583721.58,15713183.83
Jordan,Middle East & North Africa,Upper middle income,2010,73.428,6.2,20200.00076,8.17025661,3.099999905,12.5,,79.28402184,140750.19,260476.31,953681.16
Japan,East Asia & Pacific,High income,2010,82.84268293,2.7,1156479.98,9.0630064,3.599519968,5.099999905,,77.36110128,3543927.03,2023257.29,30129010.97
Latvia,Europe & Central Asia,High income,2010,73.48292683,2.5,8520.000458,6.11952686,5.03881979,19.47999954,,61.80530966,114264.36,42094.56,738393.66
Madagascar,Sub-Saharan Africa,Low income,2010,63.388,28.2,1870.000005,4.65100336,2.75,4.28000021,2.5,7.041632577,535392.1,7090977.06,3291985.37
Mali,Sub-Saharan Africa,Low income,2010,55.251,5.8,2779.999971,4.67865038,3.343889952,8.069999695,3.5,12.85689472,631314.28,10248188.83,2618578.83
Mongolia,East Asia & Pacific,Lower middle income,2010,67.38,16.5,14310.00042,3.73945618,4.645100117,6.550000191,3,41.47895886,174690.42,229006.07,694500.77
Malawi,Sub-Saharan Africa,Low income,2010,55.564,15.5,889.9999857,7.24138308,3.539799929,5.894000053,3,21.68798232,392139.91,7074948.69,2114559.41
Nepal,South Asia,Lower middle income,2010,67.611,9.9,4639.999866,4.35166264,3.631720066,1.820000052,2.5,26.86283221,841754.17,4140126.84,4673871.13
Portugal,Europe & Central Asia,High income,2010,79.02682927,2.5,50939.99863,10.03250504,5.412489891,10.77000046,,66.67505885,249969.8,202138.23,2867524.36
Paraguay,Latin America & Caribbean,Upper middle income,2010,72.653,7.7,5039.999962,5.47032022,2.770720005,4.570000172,,52.70109861,211634.73,305535.51,993600.5
Romania,Europe & Central Asia,High income,2010,73.45853659,2.5,77620.00275,5.76614237,3.493609905,6.960000038,,62.35767609,823143.44,483434.4,6603982.79
Senegal,Sub-Saharan Africa,Lower middle income,2010,64.284,11.3,7030.00021,4.02764177,5.217740059,10.26399994,3,17.67660035,296715.82,3716347.24,1830704.3
Sierra Leone,Sub-Saharan Africa,Low income,2010,49.382,29.1,560.0000024,10.94338036,2.588639975,4.170000076,3,11.38759339,267320,3911711.83,1178263.76
Serbia,Europe & Central Asia,Upper middle income,2010,74.33658537,2.5,47099.99847,9.52071667,4.327809811,19.21999931,,19.6433945,298582.94,132606.22,2989272.2
Sao Tome and Principe,Sub-Saharan Africa,Lower middle income,2010,67.43,13,100.0000015,6.84464884,9.651470184,14.60499954,3.5,23.49769521,3945.29,23395.06,28459.76
Chad,Sub-Saharan Africa,Low income,2010,50.89,31.4,1240.00001,4.06023169,1.981940031,0.963999987,2,8.895495427,506975.65,8262666.88,1910734.73
Togo,Sub-Saharan Africa,Low income,2010,57.468,20.8,2630.000114,4.45492935,4.096350193,2.431999922,2.5,7.361118863,231107.15,2765905.69,972039.15
Tanzania,Sub-Saharan Africa,Lower middle income,2010,58.584,25.6,6909.999847,5.22392178,4.541699886,2.986000061,2.5,16.93562275,1325388.44,18104420.09,7111755.48
United States,North America,High income,2010,78.54146341,2.5,5392109.863,16.25922203,,9.630000114,,98.13517396,9180413.52,4853056.73,81408526.69
Samoa,East Asia & Pacific,Lower middle income,2010,71.663,4.2,189.9999976,5.29189062,5.849999905,5.728000164,4,48.20075591,6176.83,8627.32,38898.3
Argentina,Latin America & Caribbean,Upper middle income,2011,75.439,2.9,176639.9994,9.41821575,5.290629864,7.179999828,,50.18866086,1420669.31,1490301.03,8739679.99
Armenia,Europe & Central Asia,Upper middle income,2011,73.572,3.4,4940.000057,9.37587833,3.143850088,18.44000053,3,55.40847555,88337.73,88024.47,793471.02
Bangladesh,South Asia,Lower middle income,2011,70.256,15.8,54419.99817,2.76118398,2.132699966,3.770999908,2.5,29.48124444,3763712.05,17357602.04,24215321.21
Bolivia,Latin America & Caribbean,Lower middle income,2011,68.521,17.3,16610.00061,5.17306805,7.070000172,2.25,3.5,40.05816061,394903.49,1217027.11,1919423.49
Central African Republic,Sub-Saharan Africa,Low income,2011,47.95,29.6,189.9999976,3.87377,1.107920051,5.614999771,2.5,16.78457431,378078.61,3600491.46,926514.7
Cyprus,Europe & Central Asia,High income,2011,79.621,2.5,7630.000114,6.44928503,6.538539886,7.860000134,,76.58348614,26316.51,10607.68,232357.14
Germany,Europe & Central Asia,High income,2011,80.43658537,2.5,746479.9805,10.77818966,4.82487011,5.820000172,,96.56662709,1851767.58,933546.12,22934622.59
Ecuador,Latin America & Caribbean,Upper middle income,2011,75.289,8.4,37099.99847,6.47737551,4.726890087,3.460000038,,41.17477529,767785.44,770988.02,2544333.76
Ethiopia,Sub-Saharan Africa,Low income,2011,62.505,20.9,7539.999962,4.46897888,5.485760212,2.312000036,3,4.775775962,2868780.28,30193812.97,11354780.29
United Kingdom,Europe & Central Asia,High income,2011,80.95121951,2.5,445589.9963,9.84848499,5.559599876,8.039999962,,97.95247102,1203634.57,996706.76,16078595.31
Georgia,Europe & Central Asia,Upper middle income,2011,71.773,8.2,6519.999981,8.0144434,2.576139927,19.62999916,3.5,40.13608668,146777.11,126577.49,1323257.05
Ghana,Sub-Saharan Africa,Lower middle income,2011,61.381,6.1,11750,4.71008253,8.14097023,5.596000195,4,9.112390354,756012.61,8061889.11,4131445.02
Guyana,Latin America & Caribbean,Upper middle income,2011,68.321,8.6,1830.000043,4.17213488,2.506690025,12.05700016,2.5,,49185.93,73723.47,181919.06
Honduras,Latin America & Caribbean,Lower middle income,2011,73.569,13.4,8810.00042,8.79187012,6.099999905,4.46999979,3,46.15566379,385112.29,491783.46,1396227.52
India,South Asia,Lower middle income,2011,67.13,15.4,1756739.99,3.24634194,3.79618001,5.426000118,3.5,27.42892062,55636759.3,204096428.2,233318867.6
Iceland,Europe & Central Asia,High income,2011,82.35853659,2.5,1889.999986,8.20293236,6.789979935,7.03000021,,64.83842538,6289.11,3177.02,60951.92
Israel,Middle East & North Africa,High income,2011,81.65609756,2.5,69819.99969,6.99058676,5.549369812,7.139999866,,88.1539945,147900.98,98116.46,1353692.53
Italy,Europe & Central Asia,High income,2011,82.18780488,2.5,396690.0024,8.77413177,4.115680218,8.359999657,,95.70273971,1151902.59,581645.05,15798223.5
Jordan,Middle East & North Africa,Upper middle income,2011,73.581,6.1,20760.00023,8.14807701,3.400000095,12.89999962,,79.77651924,144564.32,262499.37,1002280.94
Japan,East Asia & Pacific,High income,2011,82.59121951,2.5,1213520.02,10.48780155,3.605279922,4.550000191,,77.77969418,3858529.87,2033074.43,30473949.56
Lesotho,Sub-Saharan Africa,Lower middle income,2011,46.207,12,569.9999928,9.56151676,8.165100098,26.24399948,3.5,30.57155201,166606.46,1215897.94,423405.45
Latvia,Europe & Central Asia,High income,2011,73.57560976,2.5,7900.000095,5.54237556,5.071619987,16.20999908,,63.78957804,104860.64,40755.31,718489.75
Madagascar,Sub-Saharan Africa,Low income,2011,63.836,27.3,2190.000057,4.43843079,2.381680012,2.444000006,2.5,7.388017703,539357.48,7002948.1,3370290.96
Mali,Sub-Saharan Africa,Low income,2011,55.701,4.2,3119.999886,4.01483822,3.754230022,6.900000095,3.5,13.56074692,631356.62,10277501.22,2666047.9
Mongolia,East Asia & Pacific,Lower middle income,2011,67.818,14.1,15729.99954,3.58612156,4.60902977,4.769999981,3.5,42.88071215,174316.8,225564.87,707671.86
Malawi,Sub-Saharan Africa,Low income,2011,57.161,13.7,930.0000072,7.49375153,4.152619839,5.920000076,3,21.93948986,408466.55,6554340.48,2183126.5
Nepal,South Asia,Lower middle income,2011,68.028,8.6,5199.999809,4.44234991,3.842619896,2.029999971,3,28.78532019,846442.97,3941513.66,4788783.14
Portugal,Europe & Central Asia,High income,2011,80.47073171,2.5,49869.99893,9.73071671,5.123330116,12.68000031,,68.94796515,241678.63,200179.39,2860300.17
Romania,Europe & Central Asia,High income,2011,74.4097561,2.5,84059.99756,4.70199966,3.061369896,7.179999828,,64.31002278,767919.54,458820.19,6353018.64
Senegal,Sub-Saharan Africa,Lower middle income,2011,64.898,11.5,7570.000172,4.21416569,4.903029919,10.35999966,3.5,18.32118637,303726.52,3621193.52,1878086.5
Sierra Leone,Sub-Saharan Africa,Low income,2011,50.234,24.4,740.0000095,13.28134346,2.668900013,4.294000149,3,11.65258804,269043.49,3819282.92,1202219.09
Serbia,Europe & Central Asia,Upper middle income,2011,74.53658537,2.6,51229.99954,9.10749245,4.238359928,22.96999931,,19.38878773,292953.57,136233.92,2951693.11
Sao Tome and Principe,Sub-Saharan Africa,Lower middle income,2011,67.885,13.5,100.0000015,6.75577354,8.89109993,14.1079998,3.5,24.60197624,3659.3,23856.95,27821.03
Chad,Sub-Saharan Africa,Low income,2011,51.424,26,1100.000024,3.91046619,2.2579,1,2,8.966240509,508571.08,8347816.19,1960084.81
Togo,Sub-Saharan Africa,Low income,2011,58.092,19.4,2519.999981,4.55412006,4.309299946,1.980000019,2.5,7.550551024,233789.42,2681025.22,995472.41
Tanzania,Sub-Saharan Africa,Lower middle income,2011,59.525,24.2,8189.99958,5.05598497,3.558290005,3.470000029,3,17.97844691,1361380.27,17588670.86,7262892.15
Samoa,East Asia & Pacific,Lower middle income,2011,71.906,4.1,200.000003,5.4401269,6.610000134,5.679999828,4,48.13180091,6202.06,8637.94,39343.92
Argentina,Latin America & Caribbean,Upper middle income,2012,75.598,2.8,177960.0067,9.82728195,5.345829964,7.21999979,,50.40496589,1443818.05,1471872.18,8820699
Armenia,Europe & Central Asia,Upper middle income,2012,73.82,3.2,5719.99979,9.134552,2.772480011,17.29999924,3.5,56.92706363,87241.65,83418.32,784451.29
Bangladesh,South Asia,Lower middle income,2012,70.606,15.3,57990.00168,2.74823475,2.175499916,4.118999958,2.5,30.533663,3592971.18,16307103.64,24339817.55
Bolivia,Latin America & Caribbean,Lower middle income,2012,69.01,16.7,17420.00008,5.2539444,7.900000095,2.069999933,3.5,41.43604754,388682.16,1199665.22,1960091.85
Central African Republic,Sub-Saharan Africa,Low income,2012,48.638,33,200.000003,3.94020414,1.980347276,5.546000004,2.5,16.41748307,368406.98,3538256.66,930466.58
China,East Asia & Pacific,Upper middle income,2012,75.013,2.5,9541870.117,4.56584787,4.077429771,4.570000172,,41.85739972,38861111.88,25662831.22,297330095.4
Germany,Europe & Central Asia,High income,2012,80.53902439,2.5,760130.0049,10.85323715,4.956580162,5.380000114,,96.64418546,1844242.6,931912.11,23010048.9
Ecuador,Latin America & Caribbean,Upper middle income,2012,75.495,8.8,37090.00015,6.7622118,4.643070221,3.230000019,,41.3104759,751515.27,747123.95,2618242.92
Ethiopia,Sub-Saharan Africa,Low income,2012,63.281,19.4,8479.999542,4.53959608,5.56678009,2.286999941,3,5.005476723,2822539.39,28896006.08,11433835.45
Georgia,Europe & Central Asia,Upper middle income,2012,72.097,7.8,7190.000057,8.04715919,1.906100035,19.64999962,3.5,39.41262002,149763.54,123804.5,1294070.7
Ghana,Sub-Saharan Africa,Lower middle income,2012,61.72,6.4,14609.99966,4.03214407,7.919139862,5.910999775,4,9.586205656,767848.3,7806557.59,4227053.48
Guyana,Latin America & Caribbean,Upper middle income,2012,68.575,8,2000,3.7081871,2.241319895,12.33500004,2.5,,49741.75,72925.31,185105.01
Haiti,Latin America & Caribbean,Lower middle income,2012,61.26,44.7,2420.000076,5.56462383,,14.10000038,2.5,,768462.68,2576791.88,2505378.33
India,South Asia,Lower middle income,2012,67.545,14.9,1909439.941,3.32935309,3.867500067,5.414000034,3.5,29.48719818,55112092.7,195404051.7,238189861.2
Iceland,Europe & Central Asia,High income,2012,82.91707317,2.5,1860.000014,8.18118858,7.582230091,6,,67.00581901,6308.69,3168.51,61482.98
Israel,Middle East & North Africa,High income,2012,81.70487805,2.5,76059.99756,7.11508703,5.672530174,6.860000134,,88.91001016,145453.06,99669.31,1371985.47
Italy,Europe & Central Asia,High income,2012,82.23902439,2.5,376750,8.78352833,4.056019783,10.64999962,,95.71214036,1144821.37,582257.58,15849779.37
Jordan,Middle East & North Africa,Upper middle income,2012,73.722,6.3,24120.00084,7.81799555,3.5,12.19999981,,80.23583486,152392.29,268844.84,1063737.72
Japan,East Asia & Pacific,High income,2012,83.09609756,2.5,1253609.985,10.67169189,3.64741993,4.360000134,,78.19580321,3441927.33,2028717.45,30590225.7
Lesotho,Sub-Saharan Africa,Lower middle income,2012,47.416,14.8,620.0000048,9.25281525,7.666059971,25.36899948,3.5,32.55780071,168314.52,1241929.83,432016.17
Madagascar,Sub-Saharan Africa,Low income,2012,64.28,29.4,2740.00001,3.82249737,2.340670109,0.600000024,2.5,7.731595239,554903.03,6906885.91,3444239.82
Mali,Sub-Saharan Africa,Low income,2012,56.135,3.9,3109.999895,3.7521615,3.479490042,6.650000095,3,14.26768035,670394.26,10357571.28,2733586.8
Mongolia,East Asia & Pacific,Lower middle income,2012,68.217,12.5,17139.99939,3.85493326,5.19520998,3.900000095,3.5,44.26673656,173876.54,221033.83,714912.91
Nepal,South Asia,Lower middle income,2012,68.426,7.7,6000,4.49078512,3.29008007,2.329999924,3,30.74644232,841036.28,3739562.67,4902448.82
Portugal,Europe & Central Asia,High income,2012,80.37317073,2.5,48220.00122,9.65393162,4.949409962,15.52999973,,71.23466536,235332.36,197276.06,2852932.5
Romania,Europe & Central Asia,High income,2012,74.41219512,2.5,81849.99847,4.73353195,2.963799953,6.789999962,,66.3035304,758695.25,448434.32,6376646.98
Senegal,Sub-Saharan Africa,Lower middle income,2012,65.448,11.9,7449.999809,4.26687956,4.776989937,9.437999725,3.5,18.97369368,297815.94,3579299.05,1886908.86
Sierra Leone,Sub-Saharan Africa,Low income,2012,51.018,24.3,860.0000143,10.59041977,2.872040033,4.397999763,3,11.91794768,271775.55,3717277.13,1228975.45
Serbia,Europe & Central Asia,Upper middle income,2012,74.83658537,2.6,45790.00092,9.32176399,4.164209843,24,,19.19874028,286496.73,120970.69,2925758.07
Sao Tome and Principe,Sub-Saharan Africa,Lower middle income,2012,68.306,13.3,119.9999973,6.47629499,6.339509964,13.59000015,3.5,25.71140334,3597.16,24466.1,27950.51
Chad,Sub-Saharan Africa,Low income,2012,51.928,25.4,1860.000014,3.85607743,2.206150055,1.006000042,2,9.047280285,516302.81,8341857.37,2012701.21
Togo,Sub-Saharan Africa,Low income,2012,58.661,19.4,2240.00001,4.80786562,4.719200134,2.03399992,2.5,7.742055644,230228.19,2624143.03,1011255.29
Tanzania,Sub-Saharan Africa,Lower middle income,2012,60.47,23.2,9869.999886,5.01779366,3.470930099,3.227999926,3,18.99554088,1393313.64,16794202.08,7477715.31
Samoa,East Asia & Pacific,Lower middle income,2012,72.136,4,200.000003,5.07944012,5.159999847,8.75,4,48.06493129,6966.62,8680.42,39794.95
Argentina,Latin America & Caribbean,Upper middle income,2013,75.756,2.6,183250,9.78097343,5.436610222,7.099999905,,50.61825328,1458094.44,1487174.67,8906865.36
Armenia,Europe & Central Asia,Upper middle income,2013,74.056,3.2,5500,10.32344532,2.650180101,16.18000031,3.5,58.46433021,82888.24,79985.07,769111.51
Bangladesh,South Asia,Lower middle income,2013,70.93,15,60599.99847,2.65446854,1.966160059,4.429999828,2.5,31.57950162,3502632.64,15514496.01,24678300.55
Bolivia,Latin America & Caribbean,Lower middle income,2013,69.468,16.5,18739.99977,5.57465124,7.579999924,2.440000057,3.5,42.81789635,391072.36,1188492.09,2000513.57
Central African Republic,Sub-Saharan Africa,Low income,2013,49.371,40.2,119.9999973,4.95162487,2.63821435,5.515999794,2.5,16.0545444,673263.38,3487458.4,935570.39
Cyprus,Europe & Central Asia,High income,2013,79.999,2.5,6429.999828,6.94518471,6.483779907,15.86999989,,76.69428457,25786.82,10643.84,240745.97
Germany,Europe & Central Asia,High income,2013,80.4902439,2.5,776150.0244,10.99795437,4.935389996,5.230000019,,96.72174779,1854831.7,942525.23,23248776.9
Ecuador,Latin America & Caribbean,Upper middle income,2013,75.707,8.8,39700.00076,6.80123425,5.004640102,3.079999924,,41.44122458,715326.28,731246.65,2664348.28
Ethiopia,Sub-Saharan Africa,Low income,2013,63.961,17.7,10079.99992,4.07506514,4.498549938,2.25,3,5.224650007,2729926.96,27856067.8,11553683.41
United Kingdom,Europe & Central Asia,High income,2013,81.00487805,2.5,453760.0098,9.97566223,5.500780106,7.519999981,,97.99806,1198171.47,984256.71,16334511.96
Georgia,Europe & Central Asia,Upper middle income,2013,72.412,7.9,7840.000153,7.88304806,2.886719942,19.42000008,3.5,38.6870698,146181.92,117587.8,1259026.94
Ghana,Sub-Saharan Africa,Lower middle income,2013,62.064,6.6,15630.00011,4.62300539,4.576469898,6.203000069,4,10.05936669,785815.44,7640207.16,4330458.57
Honduras,Latin America & Caribbean,Lower middle income,2013,74.051,14.2,9369.999886,8.47723007,5.874929905,5.650000095,3,46.98211459,613162.01,471844.65,1490765.88
India,South Asia,Lower middle income,2013,67.931,14.9,1972430.054,3.74944162,3.844670057,5.423999786,3.5,31.55352208,53868774.94,187804148.7,242690488.6
Iceland,Europe & Central Asia,High income,2013,82.06097561,2.5,2029.999971,8.17555237,7.448689938,5.380000114,,69.21235616,6305.56,3171.86,61789.42
Israel,Middle East & North Africa,High income,2013,82.05609756,2.5,67000,7.07797098,5.854259968,6.210000038,,89.66614967,141633.7,99774.67,1392270.55
Italy,Europe & Central Asia,High income,2013,82.6902439,2.5,346459.9915,8.77543831,4.143670082,12.14999962,,95.72269582,1131485.55,571755.92,15790852.47
Jordan,Middle East & North Africa,Upper middle income,2013,73.851,6,23799.99924,7.1659236,3.5,12.60000038,,80.66259802,160124.84,275120.9,1127227.31
Japan,East Asia & Pacific,High income,2013,83.33195122,2.5,1262780.029,10.67438602,3.624969959,4,,78.60942908,3376679.85,2016343.36,30706298.8
Lesotho,Sub-Saharan Africa,Lower middle income,2013,48.663,19.3,610.0000143,9.5466814,7.29226017,24.57999992,3.5,34.52124304,168863.73,1252935.18,439624.29
Latvia,Europe & Central Asia,High income,2013,73.98292683,2.5,7449.999809,5.36752796,6.996970177,11.86999989,,67.80872487,100230.9,40385.05,708002.83
Madagascar,Sub-Saharan Africa,Low income,2013,64.713,33,2930.000067,3.73896837,1.776939988,0.995000005,2,8.072330014,557501,6833119.98,3509795.74
Mali,Sub-Saharan Africa,Low income,2013,56.578,3.7,3220.000029,3.96750712,3.284650087,6.349999905,3,14.97708308,730859.94,10595151,2800653.79
Myanmar,East Asia & Pacific,Lower middle income,2013,64.921,6.1,13600.00038,3.20071578,2.099999905,0.746999979,2.5,60.97943074,1932768.39,7240966.7,11963331.35
Mongolia,East Asia & Pacific,Lower middle income,2013,68.566,11.4,18379.99916,4.06616068,4.940770149,4.230000019,3.5,45.67278651,173565.48,215230.16,721723.81
Malawi,Sub-Saharan Africa,Low income,2013,59.931,14.8,980.0000191,11.57910728,5.41617012,5.949999809,2.5,22.44363817,405779.44,5709964.03,2242633.92
Nepal,South Asia,Lower middle income,2013,68.806,6.8,6090.000153,4.63011789,3.018110037,2.551000118,3,32.74574866,859305.23,3538986.78,5031592.92
Portugal,Europe & Central Asia,High income,2013,80.72195122,2.5,46560.00137,9.40486622,5.270969868,16.18000031,,73.53443323,230152.68,193681.65,2841082.2
Paraguay,Latin America & Caribbean,Upper middle income,2013,73.274,7.4,5300.000191,6.05105257,4.809329987,4.380000114,,55.0820425,212798.59,294162.55,1059786.33
Romania,Europe & Central Asia,High income,2013,75.06341463,2.5,72089.99634,5.19664145,3.051739931,7.099999905,,68.35781158,721516.1,432005.25,6219904.52
Senegal,Sub-Saharan Africa,Lower middle income,2013,65.939,12,8010.000229,4.38575172,5.686560154,8.578000069,3.5,19.63411955,305516.48,3473914.77,1943531.97
Sierra Leone,Sub-Saharan Africa,Low income,2013,51.731,25.4,1039.999962,11.56772041,2.379810095,4.510000229,3,12.18336482,278524.58,3559689.4,1253119.6
Serbia,Europe & Central Asia,Upper middle income,2013,75.18536585,3.2,46470.00122,9.30588913,,22.14999962,,19.01331061,279935.68,131575.05,2905044.15
Sao Tome and Principe,Sub-Saharan Africa,Lower middle income,2013,68.695,12.9,119.9999973,7.93743801,5.939690113,13.64900017,3.5,26.82325371,3761.59,23236.75,28865.32
Chad,Sub-Saharan Africa,Low income,2013,52.386,25.6,2190.000057,4.06645155,2.850709915,1.029000044,2,9.138990094,535850.59,8348645.12,2074392.68
Togo,Sub-Saharan Africa,Low income,2013,59.16,19.4,1750,4.94373512,4.423649788,2.088999987,2.5,7.934418179,229444.19,2568922.36,1026225.01
Tanzania,Sub-Saharan Africa,Lower middle income,2013,61.398,22.7,10810.00042,4.64643383,3.357959986,2.930000067,3,20.01674595,1418615.33,15987629.6,7651634.66
Samoa,East Asia & Pacific,Lower middle income,2013,72.351,3.7,200.000003,6.44957209,4.670000076,8.666999817,4,47.99940824,6312.04,8715.34,40239.28
Argentina,Latin America & Caribbean,Upper middle income,2014,75.913,2.5,179600.0061,9.67129135,5.361440182,7.269999981,,50.83251634,1443221.24,1492330.31,8969158.26
Armenia,Europe & Central Asia,Upper middle income,2014,74.273,2.8,5480.000019,10.17827034,2.247240067,17.5,,60.02100199,82132.09,77987.01,767444.84
Australia,East Asia & Pacific,High income,2014,82.3,2.5,371630.0049,9.03597069,5.164690018,6.079999924,,68.45801925,687545.02,208396.13,4811317.03
Austria,Europe & Central Asia,High income,2014,81.4902439,2.5,62049.99924,10.36809254,5.447619915,5.619999886,,99.63873134,220416.34,72492.17,2184339.79
Azerbaijan,Europe & Central Asia,Upper middle income,2014,72.022,2.5,32240.00168,3.37713742,2.633039951,4.909999847,,24.71672828,242605.73,615808.67,2268409.04
Belarus,Europe & Central Asia,Upper middle income,2014,72.97073171,2.5,59500,5.38793373,4.818309784,5.993999958,,77.11997598,525845.02,166686.91,3169225.89
Bolivia,Latin America & Caribbean,Lower middle income,2014,69.891,15.6,20409.99985,5.89613628,8.260000229,2.019999981,3.5,44.20886732,388997.23,1174510.14,2034470.93
Central African Republic,Sub-Saharan Africa,Low income,2014,50.129,47.9,129.9999952,4.91660213,2.220153332,5.528999805,2.5,15.6952343,741570.76,3412716.46,936532.5
Cyprus,Europe & Central Asia,High income,2014,80.178,2.5,6809.999943,6.95228958,6.440499783,16.09000015,,76.75914525,26119.36,10884.31,246909.13
Germany,Europe & Central Asia,High income,2014,81.0902439,2.5,736010.0098,11.02157784,4.921020031,4.980000019,,96.79930775,1860265.25,943026.02,23281754.1
Ecuador,Latin America & Caribbean,Upper middle income,2014,75.923,8.7,41799.99924,6.72399426,5.260990143,3.480000019,,41.56719676,691240.72,713737.04,2695996.32
Ethiopia,Sub-Saharan Africa,Low income,2014,64.547,15.9,12340.00015,4.03363609,4.602019787,2.262000084,3,5.439999707,2743703.69,26644753.5,11853944.35
United Kingdom,Europe & Central Asia,High income,2014,81.30487805,2.5,415600.0061,9.95041275,5.564509869,6.110000134,,98.01222443,1200015.45,980262.38,16410158.58
Georgia,Europe & Central Asia,Upper middle income,2014,72.707,7.9,8470.000267,7.90386868,2.997679949,17.44000053,,37.95905461,145545.51,113435.75,1237641.98
Ghana,Sub-Saharan Africa,Lower middle income,2014,62.416,7.1,15090.00015,4.10044813,4.39978981,6.524000168,3.5,10.53152455,813168.55,7454029.49,4467086.86
Guyana,Latin America & Caribbean,Upper middle income,2014,69.049,7,2059.999943,3.94755459,4.360330105,12.92399979,3,,50618.3,66555.36,189322.1
Honduras,Latin America & Caribbean,Lower middle income,2014,74.278,14.6,9460.000038,7.91455746,7.090119839,7.079999924,3,47.36961725,619290.64,462392.77,1526581.72
Ireland,Europe & Central Asia,High income,2014,81.34878049,2.5,35529.99878,9.53489971,4.878499985,11.85999966,,77.29145367,90896.21,47253.06,980097.47
Iceland,Europe & Central Asia,High income,2014,82.86097561,2.5,2049.999952,8.22888947,7.641409874,4.900000095,,71.59272112,6238.05,3144.46,61639.13
Israel,Middle East & North Africa,High income,2014,82.15365854,2.5,64720.00122,7.14262056,5.766819954,5.889999866,,90.42238955,242106.46,101008.35,1411951.48
Italy,Europe & Central Asia,High income,2014,83.0902439,2.5,327500,8.86791897,4.061279774,12.68000031,,95.73321016,1115822.93,563068.46,15777169.98
Jordan,Middle East & North Africa,Upper middle income,2014,73.969,6,25549.99924,7.20892906,3.799999952,11.89999962,,81.06033197,166933.09,284562.99,1198207.85
Japan,East Asia & Pacific,High income,2014,83.58780488,2.5,1217119.995,10.7290144,3.551589966,3.599999905,,79.02057249,3320559.59,1995303.24,30780369.83
Lesotho,Sub-Saharan Africa,Lower middle income,2014,49.891,26.1,610.0000143,9.17449284,7.198599815,24.22100067,3,36.46185622,170333.19,1255235.49,445592.04
Madagascar,Sub-Saharan Africa,Low income,2014,65.133,37.6,3009.99999,4.42833662,2.381230116,1.389999986,2.5,8.410305357,583329.37,6703446.7,3594928.09
Mali,Sub-Saharan Africa,Low income,2014,57.036,3.6,3380.000114,4.48156309,3.648190022,6.380000114,3,15.68827712,691349.01,10693305.91,2886516.86
Myanmar,East Asia & Pacific,Lower middle income,2014,65.378,5.1,17040.00092,4.39346027,1.899999976,0.754999995,3,60.95525265,1885762.4,6725248.8,12053745.79
Mongolia,East Asia & Pacific,Lower middle income,2014,68.863,10.1,18120.00084,4.1765728,4.714849949,4.800000191,3.5,47.09869731,173743.43,206045.66,729264.08
Malawi,Sub-Saharan Africa,Low income,2014,61.042,15.4,850.0000238,9.71205044,4.839839935,5.897999763,2.5,22.69608387,405444.72,5453776.36,2275648.62
Nepal,South Asia,Lower middle income,2014,69.168,6.1,7130.000114,5.07548285,3.47213006,2.944000006,3,34.78278188,878958.61,3377955.5,5133253
Portugal,Europe & Central Asia,High income,2014,81.12195122,2.5,45930.00031,9.34288025,5.124000072,13.89000034,,75.84735746,226694.03,188740.02,2827210.72
Paraguay,Latin America & Caribbean,Upper middle income,2014,73.473,7.1,5630.000114,6.64387417,4.789110184,5.03000021,,55.85809387,212907.49,286334,1073104.2
Romania,Europe & Central Asia,High income,2014,74.9097561,2.5,71540.00092,5.02168465,3.121220112,6.800000191,,70.48701356,725797.12,439279.1,6364772.44
Senegal,Sub-Saharan Africa,Lower middle income,2014,66.37,11.8,8569.999695,4.39605808,5.720210075,7.645999908,3.5,20.3024708,328669.46,3317058.41,2045935.25
Sierra Leone,Sub-Saharan Africa,Low income,2014,52.372,25,1149.999976,19.72741699,2.662919998,4.679999828,3,12.44899359,281476.52,3730231.5,1278082.77
Serbia,Europe & Central Asia,Upper middle income,2014,75.33658537,3.7,38959.99908,9.23958969,3.926980019,19.21999931,,18.82964332,278555.12,128049.48,2908499.04
Sao Tome and Principe,Sub-Saharan Africa,Lower middle income,2014,69.052,13,119.9999973,6.73101854,3.749059916,13.70499992,3.5,27.93752832,4149,20123.09,30638.16
Chad,Sub-Saharan Africa,Low income,2014,52.789,27,2259.99999,4.27316856,2.599999905,1.046000004,2.5,9.241946941,543497.87,8362977.31,2123729.73
Togo,Sub-Saharan Africa,Low income,2014,59.58,20.2,1590.000033,5.07536507,4.78455019,2.144999981,2.5,8.127651473,238396.33,2488549.27,1054239.77
Tanzania,Sub-Saharan Africa,Lower middle income,2014,62.288,22.5,10710.00004,4.01492023,3.384880066,2.119999886,3,21.04205092,1381519.43,15573574,7664356.39
Vanuatu,East Asia & Pacific,Lower middle income,2014,69.719,8.8,159.9999964,3.64668846,5.181950092,1.807999969,3,,12370.1,26451.3,61338.91
Samoa,East Asia & Pacific,Lower middle income,2014,72.549,4.1,209.9999934,6.60753155,5.409999847,8.720000267,4,47.9340833,6364.5,8774.2,40766.81
Argentina,Latin America & Caribbean,Upper middle income,2015,76.068,2.5,185550.0031,10.22933865,5.776110172,7.520999908,,51.04761816,1424177.46,1474333.51,9112348.45
Armenia,Europe & Central Asia,Upper middle income,2015,74.467,2.8,5340.000153,10.11763382,2.80591011,18.26000023,,61.59785326,83366.36,76354.25,777344.69
Australia,East Asia & Pacific,High income,2015,82.4,2.5,377799.9878,9.32758904,5.315839767,6.050000191,,69.42493178,703952.21,212457.42,4903709.39
Austria,Europe & Central Asia,High income,2015,81.1902439,2.5,63240.00168,10.36746693,5.456580162,5.71999979,,99.63836064,223311.72,73858.54,2207913.77
Azerbaijan,Europe & Central Asia,Upper middle income,2015,72.266,2.5,31770.00046,4.10663605,2.951679945,4.960000038,,24.52326138,244774.93,591168.71,2291755.1
Belarus,Europe & Central Asia,Upper middle income,2015,73.62439024,2.5,54819.99969,6.06533337,4.787519932,5.840000153,,75.97225663,499483.1,159890.1,3110516.95
Bolivia,Latin America & Caribbean,Lower middle income,2015,70.277,14.3,20760.00023,6.55064964,8.93999958,3.109999895,3,45.61717777,384525.73,1145952.9,2076103.12
Central African Republic,Sub-Saharan Africa,Low income,2015,50.881,49.9,189.9999976,5.0343523,1.91022861,5.605999947,2.5,15.33947083,430688.65,3311386.42,946013.03
Cyprus,Europe & Central Asia,High income,2015,80.35,2.5,6849.999905,6.75352287,6.326129913,14.90999985,,76.83065699,26397.31,11185.33,252801.19
Germany,Europe & Central Asia,High income,2015,80.64146341,2.5,742309.9976,11.18370342,4.855150223,4.619999886,,96.87687416,1899521.32,968428.74,23702567.92
Djibouti,Middle East & North Africa,Lower middle income,2015,64.136,14.2,460.0000083,3.07556486,3.590240002,26.32500076,2.5,33.82096425,34730.9,281206.35,159849.74
Ecuador,Latin America & Caribbean,Upper middle income,2015,76.143,9,41520.00046,7.49149466,4.998700142,3.619999886,,41.68797239,675104.72,700293.6,2731793.75
Ethiopia,Sub-Saharan Africa,Low income,2015,65.048,14.8,12890.00034,3.82317114,4.737919807,2.273999929,3,5.654994616,2738822.83,25713232.62,12011987.27
United Kingdom,Europe & Central Asia,High income,2015,80.95609756,2.5,401079.9866,9.90072441,5.514110088,5.300000191,,98.02628399,1211396.08,997436.89,16612137.64
Georgia,Europe & Central Asia,Upper middle income,2015,72.973,8.1,9199.999809,7.42301512,3.164870024,16.51000023,,37.22872931,144207.18,109314.53,1229672.49
Ghana,Sub-Saharan Africa,Lower middle income,2015,62.772,7.7,15779.99973,4.62171459,4.434050083,6.809999943,3.5,11.00233495,855628.63,7313162.89,4611697.34
Guyana,Latin America & Caribbean,Upper middle income,2015,69.262,6.8,2079.999924,4.02264786,3.895699978,13.21199989,3,,49234.69,63710.69,189779.15
Honduras,Latin America & Caribbean,Lower middle income,2015,74.495,14.5,9930.000305,7.48378992,6.412970066,6.150000095,3,47.74141572,658492.84,455716.08,1562803.02
India,South Asia,Lower middle income,2015,68.607,14.5,2158020.02,3.59565997,4.114570141,5.434999943,,35.70761814,50561002,170784765.2,250844868.6
Ireland,Europe & Central Asia,High income,2015,81.45365854,2.5,37060.00137,7.31605005,3.758769989,9.909999847,,79.13883688,88352.96,47725.67,990465.88
Iraq,Middle East & North Africa,Upper middle income,2015,69.929,18.4,133169.9982,3.14434433,4.489999771,10.72500038,,41.08641063,3872516.92,1794110.64,6121837.63
Iceland,Europe & Central Asia,High income,2015,82.46829268,2.5,2059.999943,8.06978989,7.457970142,3.980000019,,73.98600849,6323.28,3183.49,62691.82
Israel,Middle East & North Africa,High income,2015,82.05121951,2.5,66139.99939,7.09919786,5.862110138,5.25,,91.17874112,146666.47,103003.9,1443315.58
Italy,Europe & Central Asia,High income,2015,82.54390244,2.5,337859.9854,8.85689163,4.073629856,11.89999962,,95.74372839,1122428.49,567661.78,15993244.29
Jordan,Middle East & North Africa,Upper middle income,2015,74.078,6.3,25309.99947,7.4609561,3.450000048,13.07999992,,81.27478999,174132.04,292873.44,1268626.33
Lesotho,Sub-Saharan Africa,Lower middle income,2015,51.038,30.3,649.9999762,8.99539375,9,23.8409996,3,38.37956927,171049.25,1220944.95,448728.27
Madagascar,Sub-Saharan Africa,Low income,2015,65.539,40.2,3279.999971,4.97224474,2.210119963,1.789999962,2.5,8.745424596,577487.78,6588260.75,3673974.47
Mali,Sub-Saharan Africa,Low income,2015,57.509,3.4,3650.000095,4.11143351,3.801520109,7.730000019,3,16.40083107,734243.79,10713095.47,3002249.94
Myanmar,East Asia & Pacific,Lower middle income,2015,65.81,4.2,19040.00092,5.47780514,2.099999905,0.769999981,3,60.92729913,1909908.95,6326942.92,12138060.84
Mongolia,East Asia & Pacific,Lower middle income,2015,69.111,8.4,17299.99924,4.23834085,4.223619938,4.860000134,3.5,48.54463438,172001.73,188603.91,741458.44
Malawi,Sub-Saharan Africa,Low income,2015,61.953,16,930.0000072,9.33334064,5.608660221,5.863999844,2.5,22.94875758,425979.48,5286826.68,2318005.94
Nepal,South Asia,Lower middle income,2015,69.515,5.3,7190.000057,5.46615076,3.25902009,3.099999905,3,36.85708854,1391558.42,3235798.89,5255331.43
Portugal,Europe & Central Asia,High income,2015,81.12439024,2.5,49849.99847,9.31645775,4.885540009,12.43999958,,78.1730268,220572.72,192591.61,2825713.56
Paraguay,Latin America & Caribbean,Upper middle income,2015,73.662,7.4,6369.999886,6.70042467,3.338150024,4.559999943,,56.62507469,217588.39,270531.73,1097479.41
Romania,Europe & Central Asia,High income,2015,74.91219512,2.5,73319.99969,4.94721556,3.109630108,6.809999943,,72.69717227,712596.55,429049.72,6335571.07
Senegal,Sub-Saharan Africa,Lower middle income,2015,66.747,10.7,9289.999962,4.38257313,5.45637989,6.760000229,3.5,20.97874665,331271.48,3264833.98,2091107.35
Sierra Leone,Sub-Saharan Africa,Low income,2015,52.941,25.8,910.0000262,20.413414,3.057290077,4.742000103,3,12.71464273,276914.76,3511791.97,1292235.02
Serbia,Europe & Central Asia,Upper middle income,2015,75.28780488,4.1,45389.99939,8.8132,3.78640008,17.65999985,,18.6479067,274641.43,125280.99,2912924.95
Sao Tome and Principe,Sub-Saharan Africa,Lower middle income,2015,69.377,12.9,119.9999973,5.34009647,3.864599943,13.8210001,3.5,29.05384394,4162.92,19209.21,31084.18
Chad,Sub-Saharan Africa,Low income,2015,53.137,28,2390.000105,4.52395439,2.400000095,1.07099998,2.5,9.356973052,594022.47,8317417.06,2194597.11
Togo,Sub-Saharan Africa,Low income,2015,59.927,20.5,1830.000043,4.9564662,5.10860014,2.200000048,2.5,8.321616697,236202.63,2405029.12,1081590.89
Tanzania,Sub-Saharan Africa,Lower middle income,2015,63.111,22.5,11689.99958,3.64969921,4.194869995,2.142999887,3,22.07175817,1446560.26,15042934.66,7895135.19
United States,North America,High income,2015,78.6902439,2.5,4990709.961,16.52407265,4.953410149,5.28000021,,98.32452877,9767940.25,4915047.69,88510700.99
Samoa,East Asia & Pacific,Lower middle income,2015,72.73,4.4,239.9999946,5.78755045,4.857729912,8.501000404,4,47.86920748,6445.02,8806.61,41367.55
Argentina,Latin America & Caribbean,Upper middle income,2016,76.221,2.6,183160.0037,9.00189686,5.545489788,8.111000061,,51.26354091,1437579.67,1493347.53,9356521.8
Armenia,Europe & Central Asia,Upper middle income,2016,74.64,2.7,5070.000172,9.95196629,2.75812006,17.62000084,,63.13672983,85975.39,75795.64,773727.64
Australia,East Asia & Pacific,High income,2016,82.44878049,2.5,384989.9902,9.24815178,5.286230087,5.710000038,,70.39184431,715219.73,214189.82,4970102.42
Austria,Europe & Central Asia,High income,2016,81.64146341,2.5,63680.00031,10.3522625,5.47961998,6.010000229,,99.63798849,222291.57,74719.76,2209407.67
Azerbaijan,Europe & Central Asia,Upper middle income,2016,72.493,2.5,32240.00168,4.03655434,2.903409958,5,,23.65736781,246723.85,563663.79,2328939.55
Bangladesh,South Asia,Lower middle income,2016,71.785,13.3,74379.99725,2.47291207,1.535539985,4.349999905,2.5,34.67175069,3273604.39,13504962.58,26200586.73
Belarus,Europe & Central Asia,Upper middle income,2016,73.82682927,2.5,55139.99939,5.91054153,4.946549892,5.840000153,,74.83018213,478368.04,155883.56,3103665.33
Bolivia,Latin America & Caribbean,Lower middle income,2016,70.626,13.1,22010.00023,6.83333063,8.850000381,3.5,,47.04296958,384813.02,1106522.19,2124493.34
Brazil,Latin America & Caribbean,Upper middle income,2016,75.23,2.5,447079.9866,9.16901207,6.314040184,11.60000038,,44.88398291,10146877.67,9744185.18,45028754.5
Central African Republic,Sub-Saharan Africa,Low income,2016,51.593,48.6,209.9999934,5.44400311,1.754088998,5.65199995,2.5,14.98715727,422223.77,3228300.21,956539.23
Cyprus,Europe & Central Asia,High income,2016,80.513,2.5,7219.99979,6.62359428,6.145410061,12.94999981,,76.90836255,26960.02,11359.66,256909.36
Germany,Europe & Central Asia,High income,2016,80.9902439,2.5,747150.0244,11.23563671,4.839230061,4.119999886,,96.95542656,1937140.97,975592.03,23829341.15
Djibouti,Middle East & North Africa,Lower middle income,2016,65.064,13.6,419.9999869,2.7274003,3.924390078,26.19300079,2.5,34.62876351,33453.84,272081.02,164595.32
Algeria,Middle East & North Africa,Lower middle income,2016,76.298,2.8,154910.0037,6.60749578,7.344359875,10.19999981,,18.52347293,1184780.1,1716609.07,7007974.48
Ecuador,Latin America & Caribbean,Upper middle income,2016,76.365,9.7,39810.00137,7.27991486,4.362750053,4.599999905,,41.80394258,703670.02,697031.33,2807419.59
Ethiopia,Sub-Saharan Africa,Low income,2016,65.482,14.4,14970.00027,3.60033059,5.061510086,2.288000107,3,5.866489062,2851050.31,24764043.94,12236105.64
United Kingdom,Europe & Central Asia,High income,2016,81.15609756,2.5,380809.9976,9.87313271,5.375329971,4.809999943,,98.04028692,1241383.18,1001216.92,16742623.76
Georgia,Europe & Central Asia,Upper middle income,2016,73.207,8.3,9649.999619,7.99670744,3.593869925,16.60000038,,36.49444378,141954.74,105091.99,1244800.61
Ghana,Sub-Saharan Africa,Lower middle income,2016,63.124,7.7,16069.99969,3.46157742,4.394529819,5.52699995,3,11.47145828,878314.83,7111442.22,4761360.78
Guyana,Latin America & Caribbean,Upper middle income,2016,69.454,6.4,2480.000019,4.01842117,4.737750053,13.46399975,3,,49089.28,62786.04,191758.28
Honduras,Latin America & Caribbean,Lower middle income,2016,74.701,13.8,9470.000267,7.69098616,5.159619808,6.730000019,3,48.1578315,373951.84,448708.47,1601073.7
India,South Asia,Lower middle income,2016,68.897,13.9,2195250,3.50430417,4.254079819,5.422999859,,37.79397393,50122107.76,158681750.8,255353220.7
Ireland,Europe & Central Asia,High income,2016,81.65365854,2.5,38819.99969,7.4248991,3.742120028,8.369999886,,80.99589882,88020.64,47335.23,999539.71
Iraq,Middle East & North Africa,Upper middle income,2016,70.122,19.1,142229.9957,3.492342,4.710000038,10.81999969,,41.7197168,4006033.25,1713320.87,6248076.84
Iceland,Europe & Central Asia,High income,2016,82.20487805,2.5,1629.999995,8.09714699,7.432199955,2.980000019,,76.39218888,6494.55,3226.83,63722.14
Israel,Middle East & North Africa,High income,2016,82.40731707,2.5,64980.00336,7.17326927,5.855780125,4.800000191,,91.93520069,150512.95,104386.57,1464322.17
Italy,Europe & Central Asia,High income,2016,83.24390244,2.5,333339.9963,8.72533035,3.815789938,11.68999958,,95.75417839,1119645.39,560414.13,15916543.54
Jordan,Middle East & North Africa,Upper middle income,2016,74.184,7.1,24819.99969,7.15642214,3.452820063,15.27999973,,81.48468365,190870.5,307188.19,1351058.35
Japan,East Asia & Pacific,High income,2016,83.98487805,2.5,1167790.039,10.65891647,3.146430016,3.099999905,,79.8354148,3267793.72,1979373.56,30930863.67
Lesotho,Sub-Saharan Africa,Lower middle income,2016,52.059,32,689.9999976,8.75972462,7.760749817,23.47500038,3,40.27448781,169438.9,1145360.63,446822.92
Latvia,Europe & Central Asia,High income,2016,74.5804878,2.5,7150.000095,6.13591957,4.65749979,9.640000343,,74.26633217,85679.37,35554.05,659527.59
Madagascar,Sub-Saharan Africa,Low income,2016,65.931,41.6,3180.000067,5.25697422,2.687190056,1.804999948,2.5,9.07777163,576993.67,6469074.71,3759391.31
Mali,Sub-Saharan Africa,Low income,2016,57.987,3.1,4670.000076,3.77377391,3.094779968,7.570000172,3,17.11413871,785125.44,10541209.83,3201311.76
Myanmar,East Asia & Pacific,Lower middle income,2016,66.205,3.5,21860.00061,5.11349964,1.899999976,1.177000046,3,60.89505922,1869195.7,5884063.57,12281024.58
Mongolia,East Asia & Pacific,Lower middle income,2016,69.321,7.4,18170.00008,4.42355633,5.183100224,7.239999771,3.5,50.01042959,171238.58,179891.78,764574.07
Malawi,Sub-Saharan Africa,Low income,2016,62.681,16.1,1120.000005,10.87966633,4.748569965,5.816999912,2.5,23.20140918,408325.5,5189008.69,2355866.72
Nepal,South Asia,Lower middle income,2016,69.848,4.5,10409.99985,5.42379808,3.903209925,2.868000031,3,38.9681496,882345.07,3091083.68,5365146.03
Romania,Europe & Central Asia,High income,2016,75.2097561,2.5,71589.99634,5.00346899,2.979890108,5.900000095,,74.98827061,705282.37,421733.11,6338398.74
Senegal,Sub-Saharan Africa,Lower middle income,2016,67.078,9.5,10130.00011,4.26078129,5.113090038,4.460000038,3.5,21.66300532,340945.55,3175625.12,2155535.42
Sierra Leone,Sub-Saharan Africa,Low income,2016,53.444,25.9,930.0000072,16.5259552,3.060230017,4.663000107,3,12.98034479,279141.79,3307688.86,1314401.46
Serbia,Europe & Central Asia,Upper middle income,2016,75.68780488,4.2,46619.99893,8.4589138,3.63470006,15.26000023,,18.46798096,271283.71,122266.47,2854815.07
Sao Tome and Principe,Sub-Saharan Africa,Lower middle income,2016,69.67,12.9,129.9999952,6.43088818,5.173039913,13.89400005,3.5,30.17199252,4170.61,18418.71,31549.51
Chad,Sub-Saharan Africa,Low income,2016,53.438,28.5,2210.000038,5.05077505,2.299999952,1.103999972,2.5,9.484698858,566362.83,8354586.23,2256107.35
Togo,Sub-Saharan Africa,Low income,2016,60.22,21.2,2299.999952,5.35245514,3.686490059,2.96600008,2.5,8.516427013,241851.57,2294813.98,1114774.54
Tanzania,Sub-Saharan Africa,Lower middle income,2016,63.844,22.7,11199.99981,3.9635036,4.101970196,2.157999992,3,23.10593379,1460702.22,14726558.92,8051900.37
United States,North America,High income,2016,78.53902439,2.5,4894500,16.84432411,4.798150063,4.869999886,,98.31176198,10076308.82,4954745.24,90538405.96
Samoa,East Asia & Pacific,Lower middle income,2016,72.895,4.7,300.0000119,5.4250021,4.164060116,8.30700016,4,47.80464214,6538.85,8838.61,41984.04
Armenia,Europe & Central Asia,Upper middle income,2017,74.797,2.8,5369.999886,10.36270523,2.707590103,17.70000076,,64.61479069,78192.14,71411.13,775713.1
Australia,East Asia & Pacific,High income,2017,82.5,2.5,389160.0037,9.26682281,5.136809826,5.590000153,,71.35875683,729732.72,214605.47,5081739.38
Austria,Europe & Central Asia,High income,2017,81.64390244,2.5,65860.00061,10.38460541,5.371590137,5.5,,99.63759412,222679.74,75555.41,2206395.42
Azerbaijan,Europe & Central Asia,Upper middle income,2017,72.693,2.5,31959.99908,3.73651457,2.473819971,5,,22.78796404,243624.94,534197.47,2374777.3
Belarus,Europe & Central Asia,Upper middle income,2017,74.12926829,2.5,56009.99832,5.75974846,4.794990063,5.650000095,,74.58773863,472077.41,152785.68,3120829.36
Bolivia,Latin America & Caribbean,Lower middle income,2017,70.945,12.5,22750,6.4901948,8.659999847,3.650000095,,48.48564858,385733.21,1085318.1,2165543.09
Brazil,Latin America & Caribbean,Upper middle income,2017,75.456,2.5,456489.9902,9.47124863,6.32047987,12.81999969,,45.85641823,9953971.87,9524933.94,45356076.39
Central African Republic,Sub-Saharan Africa,Low income,2017,52.24,46.1,219.9999988,6.6654377,1.753650188,5.647999763,2.5,14.63759225,518597.96,3141782.06,970329.56
Cyprus,Europe & Central Asia,High income,2017,80.672,2.5,7360.000134,6.59893894,5.718530178,11.05000019,,76.99207458,27693.4,11426.31,262089.83
Germany,Europe & Central Asia,High income,2017,80.99268293,2.5,732200.0122,11.32935143,4.871829987,3.75,,97.03491046,1967044.13,962702.59,23932073.56
Djibouti,Middle East & North Africa,Lower middle income,2017,65.893,13.5,419.9999869,2.46476841,3.748559952,26.05999947,2.5,35.43612633,34283.22,261281.81,170428.77
Algeria,Middle East & North Africa,Lower middle income,2017,76.499,2.7,158339.9963,6.27938414,6.505380154,10.33300018,,18.29457734,1172714.95,1638780.89,7133155.49
Ecuador,Latin America & Caribbean,Upper middle income,2017,76.584,10.7,38549.99924,7.42857885,4.614260197,3.839999914,,41.81090851,675633.44,703318.46,2884441.89
Ethiopia,Sub-Saharan Africa,Low income,2017,65.872,15.7,15819.99969,3.45336151,5.64951992,2.299000025,3,6.074356692,2836330.73,23661556.53,12572982.27
France,Europe & Central Asia,High income,2017,82.57560976,2.5,317829.9866,11.33276176,5.451600075,9.409999847,,78.639709,1889770.76,756973.25,15034474.26
United Kingdom,Europe & Central Asia,High income,2017,81.25609756,2.5,367000,9.80787468,5.384990215,4.329999924,,98.05412839,1270755.98,1003700.03,16863088.23
Georgia,Europe & Central Asia,Upper middle income,2017,73.414,8.1,9729.999542,7.05804443,3.574429989,13.93999958,,35.75669287,139649.84,100745.06,1240195.35
Ghana,Sub-Saharan Africa,Lower middle income,2017,63.463,7.1,17010.00023,3.35796332,3.533629894,4.21999979,3.5,11.93857292,892797.03,6911805.68,4884650.97
Guyana,Latin America & Caribbean,Upper middle income,2017,69.624,6.1,2470.000029,4.31911182,4.66478014,13.74600029,3,,49500.19,62926.95,195117.89
Honduras,Latin America & Caribbean,Lower middle income,2017,74.898,13.2,9260.000229,6.98996687,4.937019825,5.53000021,3,48.5590408,380152.5,440876.25,1640631.66
India,South Asia,Lower middle income,2017,69.165,13.2,2320409.912,2.93597651,4.305449963,5.357999802,,39.88551213,50513560.36,151917798.8,259790683.1
Ireland,Europe & Central Asia,High income,2017,82.15609756,2.5,37779.99878,7.06397724,3.50928998,6.710000038,,82.45330285,88856.95,47891.1,1015679.28
Iceland,Europe & Central Asia,High income,2017,82.66097561,2.5,1669.999957,8.30908108,7.583859921,2.74000001,,78.81124984,6705.44,3290.42,64831
Israel,Middle East & North Africa,High income,2017,82.55121951,2.5,65610.00061,7.28954744,6.057909966,4.21999979,,92.69180272,154911.86,104186.95,1494138.52
Italy,Europe & Central Asia,High income,2017,82.94634146,2.5,329190.0024,8.6777401,4.044939995,11.21000004,,95.76461446,1112726.24,553655.36,16040523.66
Jordan,Middle East & North Africa,Upper middle income,2017,74.292,8.8,26149.99962,7.98199606,3.228539944,18.13999939,,81.68932227,197923.96,317369.72,1434947.14
Japan,East Asia & Pacific,High income,2017,84.0997561,2.5,1155229.98,10.65627003,3.130579948,2.799999952,,80.23911509,3276201.53,1954915.02,30943062.1
Lesotho,Sub-Saharan Africa,Lower middle income,2017,52.947,29.5,699.9999881,10.08778667,8.156889915,23.20000076,3,42.14656281,168813.85,1074969.92,445954.55
Madagascar,Sub-Saharan Africa,Low income,2017,66.311,42.3,3470.000029,4.84431553,2.701374292,1.822999954,2.5,9.407308361,590791.34,6324134.17,3854013.73
Mali,Sub-Saharan Africa,Low income,2017,58.452,3.1,5179.999828,3.67425632,3.789769888,7.409999847,3,17.82759777,861303.54,10455713.77,3330760.45
Myanmar,East Asia & Pacific,Lower middle income,2017,66.558,3,32500,5.08065748,2.32633996,1.559999943,2.5,60.85804939,2327896.89,5517990.29,12423589.64
Mongolia,East Asia & Pacific,Lower middle income,2017,69.509,6.3,19579.99992,4.0050602,4.068970203,6.360000134,3.5,51.49591845,173870.3,174769.06,788018.91
Malawi,Sub-Saharan Africa,Low income,2017,63.279,16.6,1190.000057,10.88755989,4.031330109,5.760000229,2.5,23.45407277,406598.03,4948217.64,2389662.76
Nepal,South Asia,Lower middle income,2017,70.169,4.2,12479.99954,4.72173262,4.76722002,3.318000078,3,41.1154797,885689.55,2954273.69,5479328.32
Portugal,Europe & Central Asia,High income,2017,81.42439024,2.5,53330.00183,9.30583763,5.015610218,8.869999886,,82.78225037,219570.97,192038.99,2879525.78
Paraguay,Latin America & Caribbean,Upper middle income,2017,73.992,7.8,8060.00042,6.60703087,3.08968997,4.610000134,,58.12856063,228167.89,263073.84,1164671.83
Romania,Europe & Central Asia,High income,2017,75.3097561,2.5,74209.99908,5.1508317,3.095390081,4.929999828,,77.35901664,702107.22,418365.8,6350644.02
Senegal,Sub-Saharan Africa,Lower middle income,2017,67.38,8.5,9800.000191,3.99707484,4.624969959,3.690000057,3.5,22.35530807,344250.34,3144770.08,2177014.17
Sierra Leone,Sub-Saharan Africa,Low income,2017,53.895,27.2,939.9999976,9.39976025,4.660960197,4.663000107,3,13.24676127,370362.06,3212165.46,1345818.13
Sao Tome and Principe,Sub-Saharan Africa,Lower middle income,2017,69.933,12.5,140.0000006,6.46091604,5.036369801,13.97399998,3.5,31.29180774,4243.95,17406.41,32227.24
Chad,Sub-Saharan Africa,Low income,2017,53.712,29.1,2150.000095,4.55722904,2.454819918,1.118999958,2.5,9.625769072,583681.28,8435895.84,2323389.14
Togo,Sub-Saharan Africa,Low income,2017,60.489,21,2069.999933,6.49387741,3.760529995,3.74000001,3,8.711846393,247347.61,2173030.66,1146840.78
Tanzania,Sub-Saharan Africa,Lower middle income,2017,64.479,23,11829.99992,4.08257437,4.430510044,2.177000046,3,24.1449869,1483112.46,14333067.67,8207830.3
United States,North America,High income,2017,78.53902439,2.5,4819370.117,16.80583572,5.109220028,4.360000134,,98.29928582,10037852.7,4922672.64,91918644.11
Vanuatu,East Asia & Pacific,Lower middle income,2017,70.172,12.3,170.0000018,2.7629149,4.533530235,1.745000005,3,,12256.16,26047.19,66130.73
Samoa,East Asia & Pacific,Lower middle income,2017,73.046,4.6,310.0000024,5.56750727,4.183159828,8.578000069,4,47.74011009,6621.84,8848.15,42609.98
Armenia,Europe & Central Asia,Upper middle income,2018,74.945,2.9,5710.000038,10.00543404,2.255870104,18.96999931,,66.1091264,77822.54,68406.13,777588.26
Australia,East Asia & Pacific,High income,2018,82.74878049,2.5,387070.0073,9.1550045,5.123449802,5.300000191,,72.32566936,740289.3,215989.71,5215443.84
Austria,Europe & Central Asia,High income,2018,81.69268293,2.5,63060.00137,10.31750679,5.224520206,4.849999905,,99.63912654,223597.89,75111.35,2215363.91
Azerbaijan,Europe & Central Asia,Upper middle income,2018,72.864,2.5,32729.99954,3.55621028,2.455430031,4.900000095,,21.9151199,246823.74,508519.04,2388581.76
Belarus,Europe & Central Asia,Upper middle income,2018,74.17560976,2.5,58950.00076,5.52699471,5.381110191,4.760000229,,74.3512062,474553.12,149965.99,3106235.34
Bolivia,Latin America & Caribbean,Lower middle income,2018,71.239,12.1,23229.99954,6.64209032,8.899999619,3.519999981,,49.94654184,382903.33,1048425.1,2206065.07
Brazil,Latin America & Caribbean,Upper middle income,2018,75.672,2.5,433989.9902,9.46475124,6.088510036,12.32999992,,46.84473257,9760000.11,9296911.39,45986852.09
Central African Republic,Sub-Saharan Africa,Low income,2018,52.805,46.8,230.0000042,10.99530983,1.565876007,5.605000019,2.5,14.29069706,422377.57,3068867.31,985014.99
Germany,Europe & Central Asia,High income,2018,80.89268293,2.5,707700.0122,11.45038891,4.975769997,3.380000114,,97.11539497,1981296.29,961742.23,24120828.9
Djibouti,Middle East & North Africa,Lower middle income,2018,66.582,13.1,400.000006,2.26254249,3.627739906,26.18899918,2.5,36.24306807,35176.17,250590.33,176511.42
Algeria,Middle East & North Africa,Lower middle income,2018,76.693,2.5,165539.9933,6.16302586,5.866350174,10.42000008,,18.06639486,1196186.9,1563511.22,7293784.24
Ecuador,Latin America & Caribbean,Upper middle income,2018,76.8,11.6,40139.99939,7.86490965,4.621459961,3.529999971,,41.75378947,682717.5,686986.96,2943202.18
Ethiopia,Sub-Saharan Africa,Low income,2018,66.24,18.2,17239.99977,3.30818701,5.06867981,2.318000078,3,6.279053616,2880294.65,22770405.22,12862187.57
France,Europe & Central Asia,High income,2018,82.67560976,2.5,307049.9878,11.18583012,5.407169819,9.020000458,,78.59934805,1911053.39,758017.04,15156654.55
United Kingdom,Europe & Central Asia,High income,2018,81.25609756,2.5,360730.011,9.90384102,5.167990208,4,,98.06786201,1294478.2,1019009.14,17161465.67
Georgia,Europe & Central Asia,Upper middle income,2018,73.6,7.8,9569.999695,7.11329746,3.52105999,12.67000008,,35.01946185,136647.96,96439.12,1231871.19
Ghana,Sub-Saharan Africa,Lower middle income,2018,63.78,6.2,18680.00031,3.48865867,3.886130095,4.276000023,3.5,12.4033639,866262.23,6647801.59,4906354.3
Guyana,Latin America & Caribbean,Upper middle income,2018,69.774,5.4,2589.999914,4.90492487,4.45058012,14.02000046,3,,49707.08,61099.04,198626.46
Honduras,Latin America & Caribbean,Lower middle income,2018,75.088,13.1,10050.00019,7.21891975,6.056469917,5.650000095,3,48.9455273,385545.09,434515.72,1682928.09
India,South Asia,Lower middle income,2018,69.416,13.3,2451929.932,2.95175385,4.363739967,5.329999924,,41.89591302,52638934.26,148011381.3,266014412.2
Ireland,Europe & Central Asia,High income,2018,82.20487805,2.5,37659.99985,6.86017275,3.392869949,5.739999771,,82.65620946,90089.29,48311.03,1031834.07
Iceland,Europe & Central Asia,High income,2018,82.86097561,2.5,1700.000048,8.44292068,7.561709881,2.700000048,,81.24319906,6652.81,3307.38,65972.43
Israel,Middle East & North Africa,High income,2018,82.80243902,2.5,61080.00183,7.53235054,6.112339973,4,,93.44852172,161447.84,104809.15,1533535.34
Italy,Europe & Central Asia,High income,2018,83.34634146,2.5,324880.0049,8.67509365,4.256140232,10.60999966,,95.77078165,1152439.59,552161.29,16205478.44
Jordan,Middle East & North Africa,Upper middle income,2018,74.405,11.2,24780.00069,7.78079128,2.984810114,18.27000046,,81.88884508,261018.55,316236.36,1518047.42
Japan,East Asia & Pacific,High income,2018,84.21097561,2.5,1116150.024,10.74838829,3.077820063,2.400000095,,80.64033577,3301608.04,1998135.77,31122112.3
Lesotho,Sub-Saharan Africa,Lower middle income,2018,53.705,28.7,730.0000191,10.90125179,7.285359859,22.81299973,3,43.99522997,169577.15,1037925.42,448950.43
Madagascar,Sub-Saharan Africa,Low income,2018,66.681,44.3,3349.999905,4.19787312,2.844099998,1.843000054,2.5,9.734057566,596802.28,6206243.91,3952185.36
Mali,Sub-Saharan Africa,Low income,2018,58.893,3.4,5469.99979,3.73249865,3.905565023,7.427999973,3,18.53257096,959531.67,10432991.12,3408505.59
Myanmar,East Asia & Pacific,Lower middle income,2018,66.867,2.6,32939.99863,4.89992142,2.157480001,0.870000005,2.5,60.81572409,1727609.25,5230015.48,12563638.49
Mongolia,East Asia & Pacific,Lower middle income,2018,69.689,5.5,21549.99924,3.85443377,6.173019886,5.380000114,3,53.00287453,174178.57,168161.18,810397.74
Malawi,Sub-Saharan Africa,Low income,2018,63.798,16.8,1379.999995,9.82898998,3.3229599,5.757999897,2.5,23.70663177,414839.88,4705368.89,2456336.86
Nepal,South Asia,Lower middle income,2018,70.478,4.3,15189.99958,4.5284524,4.43445015,3.193000078,3,43.29851891,879337.45,2828672.94,5582374.84
Portugal,Europe & Central Asia,High income,2018,81.32439024,2.5,49500,9.4126482,4.675159931,6.989999771,,84.83351595,220932.61,191109.09,2900455.74
Paraguay,Latin America & Caribbean,Upper middle income,2018,74.131,7.8,8470.000267,6.71837997,3.283200026,6.21999979,,58.82281712,230371.04,255647.45,1187773.96
Romania,Europe & Central Asia,High income,2018,75.35853659,2.5,75190.00244,5.56050777,3.344749928,4.190000057,,79.80953656,696304.49,403187.28,6362167.1
Senegal,Sub-Saharan Africa,Lower middle income,2018,67.665,7.8,10180.00031,4.23825741,4.8582201,3.275000095,3.5,23.05570889,336993.39,3019433.1,2179622.92
Sierra Leone,Sub-Saharan Africa,Low income,2018,54.309,27.7,860.0000143,8.28987408,6.989630222,4.659999847,3,13.51397705,289937.47,3111854.64,1377250.05
Serbia,Europe & Central Asia,Upper middle income,2018,75.8902439,3.8,46130.00107,8.5316782,3.582319975,12.72999954,,18.10589629,274175.32,115978.23,2880460.23
Sao Tome and Principe,Sub-Saharan Africa,Lower middle income,2018,70.17,12.8,140.0000006,5.84369802,5.235109806,14.06099987,3.5,32.41314828,4266.36,16675.36,32774.21
Chad,Sub-Saharan Africa,Low income,2018,53.977,30.3,2190.000057,4.1669445,2.25948,1.129999995,2.5,9.781107203,614004.43,8464996.51,2393364.23
Togo,Sub-Saharan Africa,Low income,2018,60.76,20.7,2309.999943,6.08747768,4.043940067,3.729000092,3,8.907705985,245884.96,2072528.42,1165497.78
Tanzania,Sub-Saharan Africa,Lower middle income,2018,65.015,23.3,12000,4.15363026,3.696439981,2.20600009,2.5,25.18909089,1489983.48,13717505.82,8338480.23
United States,North America,High income,2018,78.63902439,2.5,4975310.059,16.68710518,4.912330151,3.900000095,,98.28709462,10022875.26,4932258.13,93958048.53
Samoa,East Asia & Pacific,Lower middle income,2018,73.187,4.5,289.9999917,5.47191095,4.532149792,8.68599987,4,47.6734285,6710.32,8783.21,43300.48
United Arab Emirates,Middle East & North Africa,High income,2019,77.972,6,188860.0006,4.27504921,3.86736989,2.230000019,,99.14769965,382562.41,120204.51,1637717.4
Armenia,Europe & Central Asia,Upper middle income,2019,75.087,3.1,6170.000076,11.33526421,2.561850071,18.29999924,,67.76279579,77080.05,65538.36,779634.15
Azerbaijan,Europe & Central Asia,Upper middle income,2019,73.005,2.5,35509.99832,4.03829002,2.681080103,4.849999905,,21.03918997,246274.45,485453.75,2425972.43
Bangladesh,South Asia,Lower middle income,2019,72.591,11,90739.99786,2.48357606,1.326320052,4.438000202,2.5,37.68488358,3193719.6,11672523.04,28256673.9
Belarus,Europe & Central Asia,Upper middle income,2019,74.22682927,2.5,57669.99817,5.86133957,4.97947979,4.159999847,,74.12021631,474116.11,147516.56,3119030.26
Central African Republic,Sub-Saharan Africa,Low income,2019,53.283,49.2,239.9999946,7.75300884,1.768712282,5.623000145,2.5,13.94619233,388818.06,3014630.66,1000223.98
Algeria,Middle East & North Africa,Lower middle income,2019,76.88,2.5,171250,6.24337101,6.100359917,10.51299953,,17.8390633,1176358.65,1498294.9,7447484.97
Ecuador,Latin America & Caribbean,Upper middle income,2019,77.01,13.7,39290.00092,7.81824684,4.225659847,3.809999943,,41.69898671,698163.37,677848.36,2999085.47
Ethiopia,Sub-Saharan Africa,Low income,2019,66.597,21.9,18360.00061,3.23808599,,2.325999975,3,6.480693308,2810543.91,22129553.05,13114232.55
Georgia,Europe & Central Asia,Upper middle income,2019,73.767,7.8,10109.99966,6.65744257,3.808640003,11.56999969,,34.72227577,134035.9,92210.47,1222059.41
Honduras,Latin America & Caribbean,Lower middle income,2019,75.27,13.3,10220.00027,7.2839179,4.912849903,5.699999809,2.5,49.31748103,392599.94,437975.24,1726716.98
India,South Asia,Lower middle income,2019,69.656,14.6,2456300.049,3.0141468,4.4072299,5.269999981,,43.90429017,53563909.73,143214465.1,271097354.6
Jordan,Middle East & North Africa,Upper middle income,2019,74.526,14.6,24629.99916,7.58246946,2.988470078,16.80999947,,82.08366975,212904.08,322105.2,1604619.31
Lesotho,Sub-Saharan Africa,Lower middle income,2019,54.331,31.2,769.9999809,11.26946354,7.991712093,22.44000053,3,45.82040047,170550.1,1023104.35,454034.4
Madagascar,Sub-Saharan Africa,Low income,2019,67.041,47.4,4119.999886,3.68728375,2.994858742,1.856999993,2.5,10.05791673,596008.21,6084479.07,4045294.79
Mali,Sub-Saharan Africa,Low income,2019,59.306,5.6,5829.999924,3.89389849,3.484102249,7.441999912,3,19.22903769,917064.7,10446688.28,3483913.85
Myanmar,East Asia & Pacific,Lower middle income,2019,67.134,2.5,36720.00122,4.67856407,2.139869928,0.5,2.5,60.76766634,1730115.29,4993210.91,12699265.84
Mongolia,East Asia & Pacific,Lower middle income,2019,69.87,4,23069.99969,3.76607823,4.940889835,5.43900013,3,54.52952347,174613.69,161261.57,835408.23
Malawi,Sub-Saharan Africa,Low income,2019,64.263,17.6,1450.000048,7.39341164,3.711319923,5.751999855,2.5,23.95893214,421938.54,4566247.69,2516337.99
Nepal,South Asia,Lower middle income,2019,70.778,4.8,13449.99981,4.44515085,4.239999771,3.096999884,3,45.51677912,888008.1,2714999.74,5685683.23
Portugal,Europe & Central Asia,High income,2019,81.67560976,2.5,44639.99939,9.53145981,,6.460000038,,84.95823014,222625.69,190691.94,2925747.68
Paraguay,Latin America & Caribbean,Upper middle income,2019,74.254,8.2,8210.000038,7.17281008,3.469710112,6.590000153,,59.52012529,234162.59,250406.84,1214116.13
Senegal,Sub-Saharan Africa,Lower middle income,2019,67.941,7.4,10619.99989,4.13226938,5.348875046,2.859999895,3.5,23.76426935,334986.7,2919710.61,2219121.17
Sierra Leone,Sub-Saharan Africa,Low income,2019,54.696,27.9,899.9999762,8.74976635,7.44701004,4.649000168,3,13.78175184,290513.5,3050253.71,1399862.43
Sao Tome and Principe,Sub-Saharan Africa,Lower middle income,2019,70.385,13,150.000006,5.52976227,5.921549797,14.14400005,3.5,33.53591118,4293.1,16170.29,33337.54
Chad,Sub-Saharan Africa,Low income,2019,54.239,31.7,2250,4.3536315,2.372459888,1.123000026,2.5,9.951135834,626720.09,8496915.83,2459705.38
Togo,Sub-Saharan Africa,Low income,2019,61.042,20.1,2369.999886,5.72606897,4.069143295,3.719000101,3,9.103834173,246081.26,1992666.23,1190315.76
Tanzania,Sub-Saharan Africa,Lower middle income,2019,65.456,23.4,12449.99981,3.82769322,3.596836329,2.221999884,3,26.23827758,1478236.12,13341065.72,8469064.37
Vanuatu,East Asia & Pacific,Lower middle income,2019,70.474,12.4,209.9999934,3.36034679,1.777879953,1.800999999,3,,12484.18,26032.56,69213.56
Samoa,East Asia & Pacific,Lower middle income,2019,73.321,4.4,300.0000119,6.36309385,4.706250191,8.406000137,4,47.69878833,6652.84,9095.19,43798.62
